{
    "providers": [
        {
            "type": "bitmap",
            "file": "rodoors:revive.png",
            "ascent": 9,
            "height": 9,
            "chars": ["\uE000"]
        },
		{
            "type": "bitmap",
            "file": "rodoors:knob.png",
            "ascent": 9,
            "height": 9,
            "chars": ["\uE001"]
        },
		{
            "type": "bitmap",
            "file": "rodoors:gui/battery_meter_on.png",
            "ascent": 16,
            "height": 16,
            "chars": ["\uE002"]
        },
		{
            "type": "bitmap",
            "file": "rodoors:gui/battery_meter_off.png",
            "ascent": 16,
            "height": 16,
            "chars": ["\uE003"]
        },
        {
            "type": "ttf",
            "file": "rodoors:negative_spaces.ttf",
            "shift": [0.0, 0.0],
            "size": 10.0,
            "oversample": 1.0
        }
    ]
}