{
	"credit": "Made with Blockbench",
	"texture_size": [32, 32],
	"textures": {
		"0": "minecraft:custom/item/crucifix3",
		"particle": "minecraft:custom/item/crucifix3"
	},
	"elements": [
		{
			"from": [8, 0, 7],
			"to": [10, 11, 10],
			"faces": {
				"north": {"uv": [5, 3, 6, 8.5], "texture": "#0"},
				"east": {"uv": [0, 3, 1.5, 8.5], "texture": "#0"},
				"south": {"uv": [6, 3, 7, 8.5], "texture": "#0"},
				"west": {"uv": [1.5, 3, 3, 8.5], "texture": "#0"},
				"up": {"uv": [8.5, 1.5, 7.5, 0], "texture": "#0"},
				"down": {"uv": [8.5, 1.5, 7.5, 3], "texture": "#0"}
			}
		},
		{
			"from": [8, 1, 6],
			"to": [10, 3, 7],
			"faces": {
				"north": {"uv": [9.5, 0, 10.5, 1], "texture": "#0"},
				"east": {"uv": [6, 10, 6.5, 11], "texture": "#0"},
				"south": {"uv": [9.5, 1, 10.5, 2], "texture": "#0"},
				"west": {"uv": [6.5, 10, 7, 11], "texture": "#0"},
				"up": {"uv": [8, 10.5, 7, 10], "texture": "#0"},
				"down": {"uv": [10.5, 10, 9.5, 10.5], "texture": "#0"}
			}
		},
		{
			"from": [8, 1, 10],
			"to": [10, 3, 11],
			"faces": {
				"north": {"uv": [9.5, 2, 10.5, 3], "texture": "#0"},
				"east": {"uv": [8, 10, 8.5, 11], "texture": "#0"},
				"south": {"uv": [9.5, 3, 10.5, 4], "texture": "#0"},
				"west": {"uv": [10.5, 0, 11, 1], "texture": "#0"},
				"up": {"uv": [11.5, 1.5, 10.5, 1], "texture": "#0"},
				"down": {"uv": [11.5, 1.5, 10.5, 2], "texture": "#0"}
			}
		},
		{
			"from": [8, 11, 10],
			"to": [10, 14, 16],
			"faces": {
				"north": {"uv": [1, 8.5, 2, 10], "texture": "#0"},
				"east": {"uv": [0, 0, 7.5, 1.5], "texture": "#0"},
				"south": {"uv": [2, 8.5, 3, 10], "texture": "#0"},
				"west": {"uv": [0, 1.5, 7.5, 3], "texture": "#0"},
				"up": {"uv": [4, 10.5, 3, 3], "texture": "#0"},
				"down": {"uv": [5, 3, 4, 10.5], "texture": "#0"}
			}
		},
		{
			"from": [8, 11, 7],
			"to": [10, 14, 10],
			"faces": {
				"north": {"uv": [1, 8.5, 2, 10], "texture": "#0"},
				"east": {"uv": [0, 0, 7.5, 1.5], "texture": "#0"},
				"south": {"uv": [2, 8.5, 3, 10], "texture": "#0"},
				"west": {"uv": [0, 1.5, 7.5, 3], "texture": "#0"},
				"up": {"uv": [4, 10.5, 3, 3], "texture": "#0"},
				"down": {"uv": [5, 3, 4, 10.5], "texture": "#0"}
			}
		},
		{
			"from": [8, 11, 1],
			"to": [10, 14, 7],
			"faces": {
				"north": {"uv": [1, 8.5, 2, 10], "texture": "#0"},
				"east": {"uv": [0, 0, 7.5, 1.5], "texture": "#0"},
				"south": {"uv": [2, 8.5, 3, 10], "texture": "#0"},
				"west": {"uv": [0, 1.5, 7.5, 3], "texture": "#0"},
				"up": {"uv": [4, 10.5, 3, 3], "texture": "#0"},
				"down": {"uv": [5, 3, 4, 10.5], "texture": "#0"}
			}
		},
		{
			"from": [8, 10, 13],
			"to": [10, 11, 15],
			"faces": {
				"north": {"uv": [10.5, 3.5, 11.5, 4], "texture": "#0"},
				"east": {"uv": [4, 10.5, 5, 11], "texture": "#0"},
				"south": {"uv": [10.5, 4, 11.5, 4.5], "texture": "#0"},
				"west": {"uv": [10.5, 4.5, 11.5, 5], "texture": "#0"},
				"up": {"uv": [10.5, 7, 9.5, 6], "texture": "#0"},
				"down": {"uv": [10.5, 7, 9.5, 8], "texture": "#0"}
			}
		},
		{
			"from": [8, 14, 13],
			"to": [10, 15, 15],
			"faces": {
				"north": {"uv": [10.5, 2, 11.5, 2.5], "texture": "#0"},
				"east": {"uv": [10.5, 2.5, 11.5, 3], "texture": "#0"},
				"south": {"uv": [3, 10.5, 4, 11], "texture": "#0"},
				"west": {"uv": [10.5, 3, 11.5, 3.5], "texture": "#0"},
				"up": {"uv": [10.5, 5, 9.5, 4], "texture": "#0"},
				"down": {"uv": [10.5, 5, 9.5, 6], "texture": "#0"}
			}
		},
		{
			"from": [8, 14, 2],
			"to": [10, 15, 4],
			"faces": {
				"north": {"uv": [8.5, 10.5, 9.5, 11], "texture": "#0"},
				"east": {"uv": [10.5, 8.5, 11.5, 9], "texture": "#0"},
				"south": {"uv": [10.5, 9, 11.5, 9.5], "texture": "#0"},
				"west": {"uv": [9.5, 10.5, 10.5, 11], "texture": "#0"},
				"up": {"uv": [10.5, 10, 9.5, 9], "texture": "#0"},
				"down": {"uv": [2, 10, 1, 11], "texture": "#0"}
			}
		},
		{
			"from": [8, 10, 2],
			"to": [10, 11, 4],
			"faces": {
				"north": {"uv": [7, 10.5, 8, 11], "texture": "#0"},
				"east": {"uv": [10.5, 7, 11.5, 7.5], "texture": "#0"},
				"south": {"uv": [10.5, 7.5, 11.5, 8], "texture": "#0"},
				"west": {"uv": [10.5, 8, 11.5, 8.5], "texture": "#0"},
				"up": {"uv": [10.5, 9, 9.5, 8], "texture": "#0"},
				"down": {"uv": [9.5, 9.5, 8.5, 10.5], "texture": "#0"}
			}
		},
		{
			"from": [8, 17, 6],
			"to": [10, 20, 7],
			"faces": {
				"north": {"uv": [8.5, 6.5, 9.5, 8], "texture": "#0"},
				"east": {"uv": [5, 10, 5.5, 11.5], "texture": "#0"},
				"south": {"uv": [8.5, 8, 9.5, 9.5], "texture": "#0"},
				"west": {"uv": [5.5, 10, 6, 11.5], "texture": "#0"},
				"up": {"uv": [11.5, 6.5, 10.5, 6], "texture": "#0"},
				"down": {"uv": [11.5, 6.5, 10.5, 7], "texture": "#0"}
			}
		},
		{
			"from": [8, 17, 10],
			"to": [10, 20, 11],
			"faces": {
				"north": {"uv": [8.5, 5, 9.5, 6.5], "texture": "#0"},
				"east": {"uv": [2, 10, 2.5, 11.5], "texture": "#0"},
				"south": {"uv": [6, 8.5, 7, 10], "texture": "#0"},
				"west": {"uv": [2.5, 10, 3, 11.5], "texture": "#0"},
				"up": {"uv": [11.5, 5.5, 10.5, 5], "texture": "#0"},
				"down": {"uv": [11.5, 5.5, 10.5, 6], "texture": "#0"}
			}
		},
		{
			"from": [8, 14, 7],
			"to": [10, 21, 10],
			"faces": {
				"north": {"uv": [0, 8.5, 1, 12], "texture": "#0"},
				"east": {"uv": [7, 3, 8.5, 6.5], "texture": "#0"},
				"south": {"uv": [8.5, 0, 9.5, 3.5], "texture": "#0"},
				"west": {"uv": [7, 6.5, 8.5, 10], "texture": "#0"},
				"up": {"uv": [9.5, 5, 8.5, 3.5], "texture": "#0"},
				"down": {"uv": [6, 8.5, 5, 10], "texture": "#0"}
			}
		}
	],
	"display": {
		"thirdperson_righthand": {
			"rotation": [-15.1, 21.33, 70.32],
			"translation": [-1.25, -1.25, 0.5],
			"scale": [0.63672, 0.63672, 0.63672]
		},
		"thirdperson_lefthand": {
			"rotation": [-11.22, 19.59, 59.32],
			"translation": [-2, -0.5, 1.5],
			"scale": [0.63672, 0.63672, 0.63672]
		},
		"firstperson_righthand": {
			"rotation": [0, 73, 0],
			"translation": [-5, -2.25, 0],
			"scale": [0.63672, 0.63672, 0.63672]
		},
		"firstperson_lefthand": {
			"rotation": [-180, -67.25, -180],
			"translation": [-3.75, -2.25, 0],
			"scale": [0.63672, 0.63672, 0.63672]
		},
		"ground": {
			"translation": [0, 2.5, 0],
			"scale": [0.63672, 0.63672, 0.63672]
		},
		"gui": {
			"rotation": [0, 82.5, 0],
			"translation": [0, -1.5, 0],
			"scale": [0.63672, 0.63672, 0.63672]
		},
		"head": {
			"translation": [0, 11.75, 0],
			"scale": [0.63672, 0.63672, 0.63672]
		},
		"fixed": {
			"rotation": [0, 90, 0],
			"translation": [0, -2.75, -0.75],
			"scale": [0.63672, 0.63672, 0.63672]
		}
	}
}