{
	"credit": "Made with Blockbench",
	"texture_size": [32, 32],
	"textures": {
		"0": "minecraft:custom/item/vitamins2",
		"particle": "minecraft:custom/item/vitamins2"
	},
	"elements": [
		{
			"from": [5, 0, 5],
			"to": [11, 7, 11],
			"faces": {
				"north": {"uv": [0, 0, 3, 3.5], "texture": "#0"},
				"east": {"uv": [3, 0, 6, 3.5], "texture": "#0"},
				"south": {"uv": [0, 3.5, 3, 7], "texture": "#0"},
				"west": {"uv": [3, 3.5, 6, 7], "texture": "#0"},
				"up": {"uv": [9, 3, 6, 0], "texture": "#0"},
				"down": {"uv": [9, 3, 6, 6], "texture": "#0"}
			}
		},
		{
			"from": [6, 7, 6],
			"to": [10, 8, 10],
			"faces": {
				"north": {"uv": [9, 5, 11, 6], "texture": "#0"},
				"east": {"uv": [6, 9, 8, 10], "texture": "#0"},
				"south": {"uv": [9, 6, 11, 7], "texture": "#0"},
				"west": {"uv": [9, 7, 11, 8], "texture": "#0"},
				"up": {"uv": [5, 9, 3, 7], "texture": "#0"},
				"down": {"uv": [11, 0, 9, 2], "texture": "#0"}
			}
		},
		{
			"from": [5, 8, 5],
			"to": [11, 10, 11],
			"faces": {
				"north": {"uv": [9, 2, 12, 3], "texture": "#0"},
				"east": {"uv": [3, 9, 6, 10], "texture": "#0"},
				"south": {"uv": [9, 3, 12, 4], "texture": "#0"},
				"west": {"uv": [9, 4, 12, 5], "texture": "#0"},
				"up": {"uv": [9, 9, 6, 6], "texture": "#0"},
				"down": {"uv": [3, 7, 0, 10], "texture": "#0"}
			}
		}
	],
	"display": {
		"thirdperson_righthand": {
			"translation": [0, 1, 0],
			"scale": [0.39844, 0.39844, 0.39844]
		},
		"thirdperson_lefthand": {
			"translation": [0, 1, 0],
			"scale": [0.39844, 0.39844, 0.39844]
		},
		"firstperson_righthand": {
			"rotation": [0, 49.75, 0],
			"translation": [0, 2.75, -0.5],
			"scale": [0.39844, 0.39844, 0.39844]
		},
		"firstperson_lefthand": {
			"rotation": [-180, -56.5, 180],
			"translation": [0, 1.75, -2],
			"scale": [0.39844, 0.39844, 0.39844]
		},
		"ground": {
			"scale": [0.39844, 0.39844, 0.39844]
		},
		"gui": {
			"rotation": [88.88, 63.48, -89],
			"translation": [1.25, 2, 0]
		},
		"head": {
			"translation": [0, 8.25, 0],
			"scale": [0.39844, 0.39844, 0.39844]
		},
		"fixed": {
			"rotation": [180, -90, 180],
			"scale": [0.39844, 0.39844, 0.39844]
		}
	}
}