{
  "credit": "Made with Blockbench",
  "texture_size": [32, 32],
  "textures": {
    "0": "rodoors:item/flashlight",
    "particle": "rodoors:item/flashlight"
  },
  "elements": [
    {
      "from": [7, 1, 5],
      "to": [10, 4, 14],
      "faces": {
        "north": { "uv": [5.5, 3, 7, 4.5], "texture": "#0" },
        "east": { "uv": [0, 0, 3.5, 1.5], "texture": "#0" },
        "south": { "uv": [5.5, 4.5, 7, 6], "texture": "#0" },
        "west": { "uv": [0, 1.5, 3.5, 3], "texture": "#0" },
        "up": { "uv": [1.5, 6.5, 0, 3], "texture": "#0" },
        "down": { "uv": [3, 3, 1.5, 6.5], "texture": "#0" }
      }
    },
    {
      "from": [6, 1, 3],
      "to": [11, 4, 5],
      "faces": {
        "north": { "uv": [3, 3, 5.5, 4.5], "texture": "#0" },
        "east": { "uv": [6, 0, 7.5, 1.5], "texture": "#0" },
        "south": { "uv": [3.5, 0, 6, 1.5], "texture": "#0" },
        "west": { "uv": [6, 1.5, 7.5, 3], "texture": "#0" },
        "up": { "uv": [6, 3, 3.5, 1.5], "texture": "#0" },
        "down": { "uv": [5.5, 4.5, 3, 6], "texture": "#0" }
      }
    },
    {
      "from": [10, 1, 2],
      "to": [11, 4, 3],
      "faces": {
        "north": { "uv": [0, 3, 2.5, 4.5], "texture": "#0" },
        "east": { "uv": [6, 0, 7.5, 1.5], "texture": "#0" },
        "south": { "uv": [3.5, 0, 6, 1.5], "texture": "#0" },
        "west": { "uv": [6, 1.5, 7.5, 3], "texture": "#0" },
        "up": { "uv": [6, 3, 3.5, 1.5], "texture": "#0" },
        "down": { "uv": [2.5, 4.5, 0, 6], "texture": "#0" }
      }
    },
    {
      "from": [6, 1, 2],
      "to": [7, 4, 3],
      "faces": {
        "north": { "uv": [0, 3, 2.5, 4.5], "texture": "#0" },
        "east": { "uv": [6, 0, 7.5, 1.5], "texture": "#0" },
        "south": { "uv": [3.5, 0, 6, 1.5], "texture": "#0" },
        "west": { "uv": [6, 1.5, 7.5, 3], "texture": "#0" },
        "up": { "uv": [6, 3, 3.5, 1.5], "texture": "#0" },
        "down": { "uv": [2.5, 4.5, 0, 6], "texture": "#0" }
      }
    },
    {
      "from": [7, 0, 2],
      "to": [10, 1, 5],
      "faces": {
        "north": { "uv": [1.5, 6.5, 3, 7], "texture": "#0" },
        "east": { "uv": [1.5, 7, 3, 7.5], "texture": "#0" },
        "south": { "uv": [7, 3, 8.5, 3.5], "texture": "#0" },
        "west": { "uv": [7, 3.5, 8.5, 4], "texture": "#0" },
        "up": { "uv": [4.5, 7.5, 3, 6], "texture": "#0" },
        "down": { "uv": [6, 6, 4.5, 7.5], "texture": "#0" }
      }
    },
    {
      "from": [7, 4, 2],
      "to": [10, 5, 5],
      "faces": {
        "north": { "uv": [7, 4, 8.5, 4.5], "texture": "#0" },
        "east": { "uv": [7, 4.5, 8.5, 5], "texture": "#0" },
        "south": { "uv": [7, 5, 8.5, 5.5], "texture": "#0" },
        "west": { "uv": [7, 5.5, 8.5, 6], "texture": "#0" },
        "up": { "uv": [7.5, 7.5, 6, 6], "texture": "#0" },
        "down": { "uv": [1.5, 6.5, 0, 8], "texture": "#0" }
      }
    },
    {
      "from": [8, 4, 7],
      "to": [9, 4.25, 9],
      "faces": {
        "north": { "uv": [7.5, 6, 9, 6.5], "texture": "#0" },
        "east": { "uv": [7.5, 6, 9, 6.5], "texture": "#0" },
        "south": { "uv": [7.5, 6, 9, 6.5], "texture": "#0" },
        "west": { "uv": [7.5, 6, 9, 6.5], "texture": "#0" },
        "up": { "uv": [9, 7.5, 7.5, 6], "texture": "#0" },
        "down": { "uv": [1.5, 6.5, 0, 8], "texture": "#0" }
      }
    }
  ],
  "display": {
    "thirdperson_righthand": {
      "rotation": [74.5, 0, 0],
      "translation": [0, -0.25, 3.5],
      "scale": [0.79883, 0.79883, 0.79883]
    },
    "thirdperson_lefthand": {
      "rotation": [74.5, 0, 0],
      "translation": [0, -0.25, 3.5],
      "scale": [0.79883, 0.79883, 0.79883]
    },
    "firstperson_righthand": {
      "translation": [0, 7.25, 0.5]
    },
    "firstperson_lefthand": {
      "translation": [0, 7.25, -0.5]
    },
    "ground": {
      "translation": [0, 4.25, 0]
    },
    "gui": {
      "rotation": [163.96, -46.96, 121.43],
      "translation": [-2.75, 3.5, 0]
    },
    "head": {
      "translation": [0, 14.25, 0]
    },
    "fixed": {
      "rotation": [90, 0, -180],
      "translation": [0, 0, -6.5]
    }
  }
}
