{
	"credit": "Made with Blockbench",
	"textures": {
		"0": "rodoors:item/lighter",
		"particle": "rodoors:item/lighter"
	},
	"elements": [
		{
			"from": [8, 0, 7],
			"to": [10, 4, 11],
			"faces": {
				"north": {"uv": [4, 0, 6, 4], "texture": "#0"},
				"east": {"uv": [0, 0, 4, 4], "texture": "#0"},
				"south": {"uv": [4, 4, 6, 8], "texture": "#0"},
				"west": {"uv": [0, 4, 4, 8], "texture": "#0"},
				"up": {"uv": [8, 4, 6, 0], "texture": "#0"},
				"down": {"uv": [8, 4, 6, 8], "texture": "#0"}
			}
		},
		{
			"from": [8, 6, 3],
			"to": [10, 10, 5],
			"rotation": {"angle": 22.5, "axis": "x", "origin": [0, 0, 0]},
			"faces": {
				"north": {"uv": [0, 8, 2, 12], "texture": "#0"},
				"east": {"uv": [8, 0, 10, 4], "texture": "#0"},
				"south": {"uv": [2, 8, 4, 12], "texture": "#0"},
				"west": {"uv": [4, 8, 6, 12], "texture": "#0"},
				"up": {"uv": [10, 6, 8, 4], "texture": "#0"},
				"down": {"uv": [8, 8, 6, 10], "texture": "#0"}
			}
		},
		{
			"from": [9, 4, 7],
			"to": [9, 5, 10],
			"faces": {
				"north": {"uv": [0, 0, 0, 1], "texture": "#0"},
				"east": {"uv": [8, 6, 11, 7], "texture": "#0"},
				"south": {"uv": [0, 0, 0, 1], "texture": "#0"},
				"west": {"uv": [8, 7, 11, 8], "texture": "#0"},
				"up": {"uv": [0, 3, 0, 0], "texture": "#0"},
				"down": {"uv": [0, 0, 0, 3], "texture": "#0"}
			}
		}
	],
	"display": {
		"thirdperson_righthand": {
			"rotation": [40.88, 3.06, -0.29],
			"translation": [-1, 5.5, 3.75],
			"scale": [0.70703, 0.70703, 0.70703]
		},
		"thirdperson_lefthand": {
			"rotation": [50.25, 0, 0],
			"translation": [0.75, 5, 3],
			"scale": [0.70703, 0.70703, 0.70703]
		},
		"firstperson_righthand": {
			"translation": [0, 6, -2]
		},
		"firstperson_lefthand": {
			"translation": [0, 6, -2]
		},
		"ground": {
			"translation": [0, 4, 0],
			"scale": [0.70703, 0.70703, 0.70703]
		},
		"gui": {
			"rotation": [0, -87.5, 0],
			"translation": [0, 3.75, 0]
		},
		"head": {
			"rotation": [-180, -62.5, -89.5],
			"translation": [1.25, 4.75, -2.25],
			"scale": [0.70703, 0.70703, 0.70703]
		},
		"fixed": {
			"rotation": [0, 90, 0],
			"translation": [0, 2.75, 0],
			"scale": [0.70703, 0.70703, 0.70703]
		}
	}
}