{
	"music.lobby.loop": {
		"subtitle": "custom.music.lobby.loop",
		"sounds": [
			{
				"name": "rodoors:music/lobby/loop",
				"preload": true
			}
		]
	},
	"music.lobby.end": {
		"subtitle": "custom.music.lobby.end",
		"sounds": [
			{
				"name": "rodoors:music/lobby/end",
				"preload": true
			}
		]
	},
	"music.prerun.elevatorjam": {
		"subtitle": "custom.music.prerun.elevatorjam",
		"sounds": [
			{
				"name": "rodoors:music/prerun/elevatorjam",
				"preload": true
			}
		]
	},
	"music.seek": {
		"subtitle": "custom.music.seek",
		"sounds": [
			{
				"name": "rodoors:music/seek/damnbeats",
				"preload": true
			}
		]
	},
	"music.jeff": {
		"subtitle": "custom.music.jeff",
		"sounds": [
			{
				"name": "rodoors:music/jeff/jeff",
				"preload": true
			}
		]
	},
	"music.escape.ending": {
		"subtitle": "custom.music.ending",
		"sounds": [
			{
				"name": "rodoors:music/escape/ending",
				"preload": true
			}
		]
	}
}