{
  "sfx.seek.jumpscare": {
    "subtitle": "custom.sfx.seek.jumpscare",
    "sounds": [
      {
        "name": "rodoors:sfx/seek/jumpscare",
        "preload": true
      }
    ]
  },
  "sfx.seek.knock": {
    "subtitle": "custom.sfx.seek.knock",
    "sounds": [
      {
        "name": "rodoors:sfx/seek/knock",
        "preload": true
      }
    ]
  },
  "sfx.seek.scream": {
    "subtitle": "custom.sfx.seek.scream",
    "sounds": [
      {
        "name": "rodoors:sfx/seek/scream",
        "preload": true
      }
    ]
  },
  "sfx.seek.seek_footsteps_close": {
    "subtitle": "custom.sfx.seek.seek_footsteps_close",
    "sounds": [
      {
        "name": "rodoors:sfx/seek/seek_footsteps_close",
        "preload": true
      }
    ]
  },
  "sfx.seek.seek_footsteps_far": {
    "subtitle": "custom.sfx.seek.seek_footsteps_far",
    "sounds": [
      {
        "name": "rodoors:sfx/seek/seek_footsteps_far",
        "preload": true
      }
    ]
  },
  "music.lobby.loop": {
    "subtitle": "custom.music.lobby.loop",
    "sounds": [
      {
        "name": "rodoors:music/lobby/loop",
        "preload": true
      }
    ]
  },
  "music.lobby.end": {
    "subtitle": "custom.music.lobby.end",
    "sounds": [
      {
        "name": "rodoors:music/lobby/end",
        "preload": true
      }
    ]
  },
  "music.prerun.elevatorjam": {
    "subtitle": "custom.music.prerun.elevatorjam",
    "sounds": [
      {
        "name": "rodoors:music/prerun/elevatorjam",
        "preload": true
      }
    ]
  },
  "music.seek": {
    "subtitle": "custom.music.seek",
    "sounds": [
      {
        "name": "rodoors:music/seek/damnbeats",
        "preload": true
      }
    ]
  },
  "music.jeff": {
    "subtitle": "custom.music.jeff",
    "sounds": [
      {
        "name": "rodoors:music/jeff/jeff",
        "preload": true
      }
    ]
  },
  "music.escape.ending": {
    "subtitle": "custom.music.ending",
    "sounds": [
      {
        "name": "rodoors:music/escape/ending",
        "preload": true
      }
    ]
  }
}
