{
    "providers": [
        {
            "type": "bitmap",
            "file": "rodoors:revive",
            "ascent": 9,
            "height": 9,
            "chars": ["\uE000"]
        },
		{
            "type": "bitmap",
            "file": "rodoors:knob",
            "ascent": 9,
            "height": 9,
            "chars": ["\uE001"]
        },
		{
            "type": "bitmap",
            "file": "rodoors:gui/battery_meter_on",
            "ascent": 16,
            "height": 16,
            "chars": ["\uE002"]
        },
		{
            "type": "bitmap",
            "file": "rodoors:gui/battery_meter_off",
            "ascent": 16,
            "height": 16,
            "chars": ["\uE003"]
        },
		{
			"type": "bitmap",
			"file": "rodoors:rush",
			"ascent": 32,
			"height": 32,
			"chars": ["\uE004"]
		}
    ]
}